"keys","ru","uk","en"
"ГНОМОБОЙ","ГНОМОБОЙ","ГНОМОБІЙ","GNOME SLAYER"
"Полчища злобных гномов вылезли из своих нор.
Меч в руки — и за работу.","Полчища злобных гномов вылезли из своих нор.
Меч в руки — и за работу.","Полчища злих гномів вилізли зі своїх нір.
Меч у руки — і до роботи.","Hordes of wicked gnomes have crawled out of their burrows.
Grab your sword and get to work."
"ИГРАТЬ","ИГРАТЬ","ГРАТИ","PLAY"
"МУЛЬТИПЛЕЕР","МУЛЬТИПЛЕЕР","МУЛЬТИПЛЕЄР","MULTIPLAYER"
"НАСТРОЙКИ","НАСТРОЙКИ","НАЛАШТУВАННЯ","SETTINGS"
"ВЫХОД","ВЫХОД","ВИХІД","QUIT"
"WASD — движение · Мышь — камера · ЛКМ — атака · ПКМ — блок · Пробел — кувырок
Shift — бег · E — открыть сундук / поднять друга · V — рация · T — чат · 1-5 — предметы","WASD — движение · Мышь — камера · ЛКМ — атака · ПКМ — блок · Пробел — кувырок
Shift — бег · E — открыть сундук / поднять друга · V — рация · T — чат · 1-5 — предметы","WASD — рух · Миша — камера · ЛКМ — атака · ПКМ — блок · Пробіл — перекид
Shift — біг · E — відкрити скриню / підняти друга · V — рація · T — чат · 1-5 — предмети","WASD — move · Mouse — camera · LMB — attack · RMB — block · Space — dodge roll
Shift — run · E — open chest / revive friend · V — voice · T — chat · 1-5 — items"
"ОДИНОЧНАЯ ИГРА","ОДИНОЧНАЯ ИГРА","ОДИНОЧНА ГРА","SINGLE PLAYER"
"В БОЙ","В БОЙ","ДО БОЮ","FIGHT"
"НАЗАД","НАЗАД","НАЗАД","BACK"
"Имя:","Имя:","Ім'я:","Name:"
"Локация:","Локация:","Локація:","Location:"
"Случайно","Случайно","Випадково","Random"
"Кроссплей Windows и Linux. Порты или Radmin VPN.","Кроссплей Windows и Linux. Порты или Radmin VPN.","Кросплей Windows і Linux. Порти або Radmin VPN.","Windows and Linux crossplay. Port forwarding or Radmin VPN."
"СОЗДАТЬ СЕРВЕР","СОЗДАТЬ СЕРВЕР","СТВОРИТИ СЕРВЕР","HOST GAME"
"ПРИСОЕДИНИТЬСЯ","ПРИСОЕДИНИТЬСЯ","ПРИЄДНАТИСЯ","JOIN GAME"
"Режим:","Режим:","Режим:","Mode:"
"ПвЕ — вместе против волн","ПвЕ — вместе против волн","ПвЕ — разом проти хвиль","PvE — co-op against waves"
"ПвП — арена с руинами, до 10 убийств","ПвП — арена с руинами, до 10 убийств","ПвП — арена з руїнами, до 10 вбивств","PvP — ruins arena, first to 10 kills"
"Порт:","Порт:","Порт:","Port:"
"Твои адреса (дай другу нужный):
","Твои адреса (дай другу нужный):
","Твої адреси (дай другові потрібну):
","Your addresses (give your friend the right one):
"
"IP сервера:","IP сервера:","IP сервера:","Server IP:"
"Интернет: IP хоста (нужен проброс порта)
Radmin VPN / Hamachi / LAN: IP из сети VPN (26.x.x.x и т.п.)","Интернет: IP хоста (нужен проброс порта)
Radmin VPN / Hamachi / LAN: IP из сети VPN (26.x.x.x и т.п.)","Інтернет: IP хоста (потрібен проброс порту)
Radmin VPN / Hamachi / LAN: IP з мережі VPN (26.x.x.x тощо)","Internet: host IP (port forwarding required)
Radmin VPN / Hamachi / LAN: VPN network IP (26.x.x.x etc.)"
"ПОДКЛЮЧИТЬСЯ","ПОДКЛЮЧИТЬСЯ","ПІДКЛЮЧИТИСЯ","CONNECT"
"ЗАПУСТИТЬ СЕРВЕР","ЗАПУСТИТЬ СЕРВЕР","ЗАПУСТИТИ СЕРВЕР","START SERVER"
"Некорректный порт.","Некорректный порт.","Некоректний порт.","Invalid port."
"Не удалось открыть порт %d (занят?).","Не удалось открыть порт %d (занят?).","Не вдалося відкрити порт %d (зайнятий?).","Failed to open port %d (already in use?)."
"Некорректный адрес.","Некорректный адрес.","Некоректна адреса.","Invalid address."
"Подключение к %s...","Подключение к %s...","Підключення до %s...","Connecting to %s..."
"ПАУЗА","ПАУЗА","ПАУЗА","PAUSED"
"(бой продолжается — это мультиплеер)","(бой продолжается — это мультиплеер)","(бій триває — це мультиплеєр)","(the battle goes on — this is multiplayer)"
"ПРОДОЛЖИТЬ","ПРОДОЛЖИТЬ","ПРОДОВЖИТИ","RESUME"
"ПОКИНУТЬ ИГРУ","ПОКИНУТЬ ИГРУ","ПОКИНУТИ ГРУ","LEAVE GAME"
"ПОБЕДА!","ПОБЕДА!","ПЕРЕМОГА!","VICTORY!"
"Племя гномов разбито. Королевство спасено... пока что.","Племя гномов разбито. Королевство спасено... пока что.","Плем'я гномів розбите. Королівство врятоване... поки що.","The gnome tribe is crushed. The kingdom is saved... for now."
"ТЫ ПАЛ В БОЮ","ТЫ ПАЛ В БОЮ","ТИ ПОЛІГ У БОЮ","YOU FELL IN BATTLE"
"Гномы ликуют и уже делят твои доспехи.","Гномы ликуют и уже делят твои доспехи.","Гноми радіють і вже ділять твої обладунки.","The gnomes rejoice and are already divvying up your armor."
"Гномов убито: %d · Волна: %d","Гномов убито: %d · Волна: %d","Гномів убито: %d · Хвиля: %d","Gnomes slain: %d · Wave: %d"
"БЕСКОНЕЧНЫЙ РЕЖИМ","БЕСКОНЕЧНЫЙ РЕЖИМ","НЕСКІНЧЕННИЙ РЕЖИМ","ENDLESS MODE"
"ЗАНОВО","ЗАНОВО","ЗАНОВО","RESTART"
"В МЕНЮ","В МЕНЮ","У МЕНЮ","MAIN MENU"
"Громкость звука","Громкость звука","Гучність звуку","Sound volume"
"Громкость музыки","Громкость музыки","Гучність музики","Music volume"
"Чувствительность мыши","Чувствительность мыши","Чутливість миші","Mouse sensitivity"
"Инвертировать мышь по вертикали","Инвертировать мышь по вертикали","Інвертувати мишу по вертикалі","Invert mouse Y axis"
"Полный экран","Полный экран","Повний екран","Fullscreen"
"Вертикальная синхронизация","Вертикальная синхронизация","Вертикальна синхронізація","V-Sync"
"Счётчик FPS","Счётчик FPS","Лічильник FPS","FPS counter"
"Качество теней:","Качество теней:","Якість тіней:","Shadow quality:"
"Низкое","Низкое","Низька","Low"
"Среднее","Среднее","Середня","Medium"
"Высокое","Высокое","Висока","High"
"Язык:","Язык:","Мова:","Language:"
"Голосовой чат (рация, удерживать %s)","Голосовой чат (рация, удерживать %s)","Голосовий чат (рація, утримувати %s)","Voice chat (push-to-talk, hold %s)"
"Громкость голоса","Громкость голоса","Гучність голосу","Voice volume"
"УПРАВЛЕНИЕ","УПРАВЛЕНИЕ","КЕРУВАННЯ","CONTROLS"
"Клик по кнопке — затем нажми новую клавишу (Esc — отмена)","Клик по кнопке — затем нажми новую клавишу (Esc — отмена)","Клік по кнопці — потім натисни нову клавішу (Esc — скасувати)","Click a button, then press a new key (Esc to cancel)"
"Вперёд","Вперёд","Вперед","Forward"
"Назад","Назад","Назад","Backward"
"Влево","Влево","Ліворуч","Left"
"Вправо","Вправо","Праворуч","Right"
"Бег","Бег","Біг","Run"
"Кувырок","Кувырок","Перекид","Dodge roll"
"Атака","Атака","Атака","Attack"
"Блок","Блок","Блок","Block"
"Поднять друга","Поднять друга","Підняти друга","Revive friend"
"Рация (голос)","Рация (голос)","Рація (голос)","Voice (push-to-talk)"
"Чат","Чат","Чат","Chat"
"  ·  пинг: %d мс","  ·  пинг: %d мс","  ·  пінг: %d мс","  ·  ping: %d ms"
"Рыцарь","Рыцарь","Лицар","Knight"
"ЗДОРОВЬЕ","ЗДОРОВЬЕ","ЗДОРОВ'Я","HEALTH"
"Гномов убито: %d","Гномов убито: %d","Гномів убито: %d","Gnomes slain: %d"
"Убийств: %d","Убийств: %d","Вбивств: %d","Kills: %d"
"КРУШИТЕЛЬНЫЙ УДАР!","КРУШИТЕЛЬНЫЙ УДАР!","НИЩІВНИЙ УДАР!","CRUSHING BLOW!"
"Сообщение...","Сообщение...","Повідомлення...","Message..."
"Ярость","Ярость","Лють","Rage"
"Скорость","Скорость","Швидкість","Speed"
"Барьер","Барьер","Бар'єр","Barrier"
"Великий меч","Великий меч","Великий меч","Greatsword"
"Зелье здоровья","Зелье здоровья","Зілля здоров'я","Health potion"
"Зелье ярости","Зелье ярости","Зілля люті","Rage potion"
"Зелье скорости","Зелье скорости","Зілля швидкості","Speed potion"
"Бомба","Бомба","Бомба","Bomb"
"Золотой пир","Золотой пир","Золотий бенкет","Golden feast"
"Поляна","Поляна","Галявина","Meadow"
"Зимний лес","Зимний лес","Зимовий ліс","Winter forest"
"Осенний лес","Осенний лес","Осінній ліс","Autumn forest"
"Ночь","Ночь","Ніч","Night"
"Волна %d из %d","Волна %d из %d","Хвиля %d з %d","Wave %d of %d"
"Волна %d · бесконечность","Волна %d · бесконечность","Хвиля %d · нескінченність","Wave %d · endless"
"ПвП: до %d убийств","ПвП: до %d убийств","ПвП: до %d вбивств","PvP: first to %d kills"
"ВОЛНА %d","ВОЛНА %d","ХВИЛЯ %d","WAVE %d"
"ВОЛНА ЗАЧИЩЕНА","ВОЛНА ЗАЧИЩЕНА","ХВИЛЮ ЗАЧИЩЕНО","WAVE CLEARED"
"ПОБЕДА! Племя гномов разбито!","ПОБЕДА! Племя гномов разбито!","ПЕРЕМОГА! Плем'я гномів розбите!","VICTORY! The gnome tribe is crushed!"
"ОТРЯД ПАЛ В БОЮ","ОТРЯД ПАЛ В БОЮ","ЗАГІН ПОЛІГ У БОЮ","THE PARTY HAS FALLEN"
"КОРОЛЬ ГНОМОВ!","КОРОЛЬ ГНОМОВ!","КОРОЛЬ ГНОМІВ!","THE GNOME KING!"
"КОРОЛЬ-ЛИЧ!","КОРОЛЬ-ЛИЧ!","КОРОЛЬ-ЛІЧ!","THE LICH KING!"
"⛃ Сундук открыт — добычу получил весь отряд!","⛃ Сундук открыт — добычу получил весь отряд!","⛃ Скриню відкрито — здобич отримав увесь загін!","⛃ Chest opened — the whole party got the loot!"
"+ %s (клавиша %d)","+ %s (клавиша %d)","+ %s (клавіша %d)","+ %s (key %d)"
"+ %s","+ %s","+ %s","+ %s"
"Инвентарь полон! %s пропал.","Инвентарь полон! %s пропал.","Інвентар повний! %s зник.","Inventory full! %s was lost."
"Ты пал. Друг может поднять тебя (%s)","Ты пал. Друг может поднять тебя (%s)","Ти впав. Друг може підняти тебе (%s)","You are down. A friend can revive you (%s)"
"⚑ %s пал — подними его (%s)!","⚑ %s пал — подними его (%s)!","⚑ %s впав — підніми його (%s)!","⚑ %s is down — revive them (%s)!"
"%s поднимает тебя... %d%%","%s поднимает тебя... %d%%","%s піднімає тебе... %d%%","%s is reviving you... %d%%"
"Поднимаешь %s... %d%%","Поднимаешь %s... %d%%","Піднімаєш %s... %d%%","Reviving %s... %d%%"
"Тебя одолел %s. Возрождение...","Тебя одолел %s. Возрождение...","Тебе здолав %s. Відродження...","You were slain by %s. Respawning..."
"гномы","гномы","гноми","the gnomes"
"%s ПОБЕЖДАЕТ!","%s ПОБЕЖДАЕТ!","%s ПЕРЕМАГАЄ!","%s WINS!"
"уворот!","уворот!","ухилення!","dodged!"
"барьер!","барьер!","бар'єр!","barrier!"
" (пал)"," (пал)"," (впав)"," (down)"
"союзника","союзника","союзника","an ally"
"Держи [%s] — поднять %s","Держи [%s] — поднять %s","Тримай [%s] — підняти %s","Hold [%s] to revive %s"
"[%s] — открыть сундук","[%s] — открыть сундук","[%s] — відкрити скриню","[%s] — open chest"
"ЯРОСТЬ!","ЯРОСТЬ!","ЛЮТЬ!","ENRAGED!"
"Не удалось подключиться к серверу.","Не удалось подключиться к серверу.","Не вдалося підключитися до сервера.","Failed to connect to the server."
"Сервер отключился.","Сервер отключился.","Сервер від'єднався.","The server has disconnected."
"Версии игры не совпадают (сервер %s, у тебя %s).","Версии игры не совпадают (сервер %s, у тебя %s).","Версії гри не збігаються (сервер %s, у тебе %s).","Game versions do not match (server %s, yours %s)."
"Травница Ирма","Травница Ирма","Травниця Ірма","Irma the Herbalist"
"Охотник Флинт","Охотник Флинт","Мисливець Флінт","Flint the Hunter"
"Кузнец Борин","Кузнец Борин","Коваль Борін","Borin the Blacksmith"
"Странница Ася","Странница Ася","Мандрівниця Ася","Asya the Wanderer"
"Мудрец Олаф","Мудрец Олаф","Мудрець Олаф","Olaf the Sage"
"Дух короля Дунгрима","Дух короля Дунгрима","Дух короля Дунгріма","Spirit of King Dungrim"
"Тьма над поляной","Тьма над поляной","Темрява над галявиною","Darkness over the Meadow"
"Украденное пламя","Украденное пламя","Вкрадене полум'я","The Stolen Flame"
"Ледяное сердце","Ледяное сердце","Крижане серце","The Frozen Heart"
"Последний осколок","Последний осколок","Останній уламок","The Last Shard"
"Грибы для отвара","Грибы для отвара","Гриби для відвару","Mushrooms for the Brew"
"Украденный молот","Украденный молот","Вкрадений молот","The Stolen Hammer"
"Сигнальные огни","Сигнальные огни","Сигнальні вогні","Signal Fires"
"Костяной рой","Костяной рой","Кістяний рій","The Bone Swarm"
"Хвала небесам, рыцарь! Гномы обезумели — их глаза светятся тьмой.","Хвала небесам, рыцарь! Гномы обезумели — их глаза светятся тьмой.","Хвала небесам, лицарю! Гноми знавісніли — їхні очі світяться темрявою.","Thank the heavens, knight! The gnomes have gone mad — their eyes glow with darkness."
"Их король расколол Сердце Горы. Осколки отравляют всё живое.","Их король расколол Сердце Горы. Осколки отравляют всё живое.","Їхній король розколов Серце Гори. Уламки отруюють усе живе.","Their king shattered the Heart of the Mountain. Its shards poison all living things."
"Прореди их ряды — вожак выйдет из норы. Отбери у него осколок!","Прореди их ряды — вожак выйдет из норы. Отбери у него осколок!","Прорідь їхні лави — ватажок вийде з нори. Відбери в нього уламок!","Thin their ranks and the chieftain will crawl out. Take the shard from him!"
"Осколок... какой холодный. Их ещё три — тьма зовёт их хозяев.","Осколок... какой холодный. Их ещё три — тьма зовёт их хозяев.","Уламок... який холодний. Їх ще три — темрява кличе їхніх власників.","The shard... so cold. Three remain — the darkness calls to their keepers."
"Ступай в Осенний лес. И да хранит тебя Сердце Горы!","Ступай в Осенний лес. И да хранит тебя Сердце Горы!","Рушай до Осіннього лісу. І хай береже тебе Серце Гори!","Go to the Autumn Forest. May the Heart of the Mountain keep you!"
"Ирма варит отвар от проклятия, да грибы кончились.","Ирма варит отвар от проклятия, да грибы кончились.","Ірма варить відвар від прокляття, та гриби скінчилися.","Irma brews a potion against the curse, but she's out of mushrooms."
"Принесёшь пять светящихся грибов — отблагодарим.","Принесёшь пять светящихся грибов — отблагодарим.","Принесеш п'ять сяйних грибів — віддячимо.","Bring five glowing mushrooms and we'll repay you."
"Гном гному рознь, рыцарь. Меня проклятие не тронуло — я ковал у огня.","Гном гному рознь, рыцарь. Меня проклятие не тронуло — я ковал у огня.","Гном гному не рівня, лицарю. Мене прокляття не торкнулося — я кував біля вогню.","Not all gnomes are alike, knight. The curse spared me — I was forging by the fire."
"Скелеты утащили осколок в чащу. И мой молот заодно!","Скелеты утащили осколок в чащу. И мой молот заодно!","Скелети затягли уламок у хащу. І мій молот заразом!","Skeletons dragged the shard into the thicket. And my hammer with it!"
"Проложи дорогу сквозь нечисть — их вожак покажется.","Проложи дорогу сквозь нечисть — их вожак покажется.","Проклади шлях крізь нечисть — їхній ватажок покажеться.","Cut a path through the vermin and their chieftain will show himself."
"Осколок второй! Кузня моя снова зазвенит.","Осколок второй! Кузня моя снова зазвенит.","Другий уламок! Кузня моя знову задзвенить.","The second shard! My forge will ring again."
"Впереди зима. Одевайся теплее, рыцарь!","Впереди зима. Одевайся теплее, рыцарь!","Попереду зима. Вдягайся тепліше, лицарю!","Winter lies ahead. Dress warmly, knight!"
"Костяные разбойники обчистили лагерь Борина.","Костяные разбойники обчистили лагерь Борина.","Кістяні розбійники обчистили табір Боріна.","Bone rogues cleaned out Borin's camp."
"Выбей из них молот — верну сторицей!","Выбей из них молот — верну сторицей!","Вибий з них молот — віддячу сторицею!","Knock the hammer out of them — I'll repay you tenfold!"
"Тише! Морозный король собрал орду у ледника.","Тише! Морозный король собрал орду у ледника.","Тихіше! Морозний король зібрав орду біля льодовика.","Hush! The Frost King has gathered a horde by the glacier."
"Его осколок морозит саму землю. Расчисти путь — и он выйдет.","Его осколок морозит саму землю. Расчисти путь — и он выйдет.","Його уламок морозить саму землю. Розчисти шлях — і він вийде.","His shard freezes the very ground. Clear the way and he will come out."
"Третий осколок! Остался последний — в Ночной чаще.","Третий осколок! Остался последний — в Ночной чаще.","Третій уламок! Лишився останній — у Нічній хащі.","The third shard! One remains — in the Night Thicket."
"Там правит сам Король-лич. Удачи, рыцарь.","Там правит сам Король-лич. Удачи, рыцарь.","Там править сам Король-ліч. Щасти, лицарю.","The Lich King himself rules there. Good luck, knight."
"Путники плутают в метели. Разожги три сигнальных костра.","Путники плутают в метели. Разожги три сигнальных костра.","Подорожні блукають у хуртовині. Розпали три сигнальні багаття.","Travelers are lost in the blizzard. Light three signal fires."
"Я — Дунгрим, король гномов... вернее, то, что от меня осталось.","Я — Дунгрим, король гномов... вернее, то, что от меня осталось.","Я — Дунгрім, король гномів... точніше, те, що від мене лишилося.","I am Dungrim, king of the gnomes... or what is left of me."
"Жажда силы сгубила меня. Лич носит последний осколок — и мою корону.","Жажда силы сгубила меня. Лич носит последний осколок — и мою корону.","Жага сили згубила мене. Ліч носить останній уламок — і мою корону.","Hunger for power destroyed me. The lich bears the last shard — and my crown."
"Срази его. Собери Сердце. Освободи мой народ... и меня.","Срази его. Собери Сердце. Освободи мой народ... и меня.","Врази його. Збери Серце. Звільни мій народ... і мене.","Strike him down. Restore the Heart. Free my people... and me."
"Сердце Горы вновь едино. Тьма уходит из глаз моего народа...","Сердце Горы вновь едино. Тьма уходит из глаз моего народа...","Серце Гори знову єдине. Темрява йде з очей мого народу...","The Heart of the Mountain is whole again. The darkness fades from my people's eyes..."
"Спасибо, рыцарь. Теперь я могу уснуть.","Спасибо, рыцарь. Теперь я могу уснуть.","Дякую, лицарю. Тепер я можу заснути.","Thank you, knight. Now I can rest."
"Костяная мелюзга грызёт всё подряд.","Костяная мелюзга грызёт всё подряд.","Кістяна дрібнота гризе все підряд.","The bone runts gnaw on everything."
"Растопчи десяток — воздух чище станет.","Растопчи десяток — воздух чище станет.","Розтопчи десяток — повітря чистішим стане.","Stomp a dozen and the air will be cleaner."
"Сюжет — Осколки Сердца Горы","Сюжет — Осколки Сердца Горы","Сюжет — Уламки Серця Гори","Story — Shards of the Mountain Heart"
"Волны — выживание","Волны — выживание","Хвилі — виживання","Waves — survival"
"Сюжет — кооператив","Сюжет — кооператив","Сюжет — кооператив","Story — co-op"
"(в сюжете локации идут по главам)","(в сюжете локации идут по главам)","(у сюжеті локації йдуть за розділами)","(story locations follow the chapters)"
"Глава %d: %s","Глава %d: %s","Розділ %d: %s","Chapter %d: %s"
"Глава %d","Глава %d","Розділ %d","Chapter %d"
"Поговори с %s","Поговори с %s","Поговори з %s","Talk to %s"
"Перебей гномов: %d/%d","Перебей гномов: %d/%d","Перебий гномів: %d/%d","Slay gnomes: %d/%d"
"Срази вожака!","Срази вожака!","Врази ватажка!","Defeat the chieftain!"
"Подбери осколок Сердца","Подбери осколок Сердца","Підбери уламок Серця","Pick up the Heart shard"
"Вернись к %s","Вернись к %s","Повернися до %s","Return to %s"
"ОСКОЛОК СЕРДЦА У ТЕБЯ!","ОСКОЛОК СЕРДЦА У ТЕБЯ!","УЛАМОК СЕРЦЯ В ТЕБЕ!","YOU HAVE THE HEART SHARD!"
"ЗАДАНИЕ ВЫПОЛНЕНО","ЗАДАНИЕ ВЫПОЛНЕНО","ЗАВДАННЯ ВИКОНАНО","QUEST COMPLETE"
"ГЛАВА ПРОЙДЕНА","ГЛАВА ПРОЙДЕНА","РОЗДІЛ ПРОЙДЕНО","CHAPTER COMPLETE"
"Проклятие снято! Сердце Горы вновь бьётся.","Проклятие снято! Сердце Горы вновь бьётся.","Прокляття знято! Серце Гори знову б'ється.","The curse is lifted! The Heart of the Mountain beats again."
"УРОВЕНЬ %d!","УРОВЕНЬ %d!","РІВЕНЬ %d!","LEVEL %d!"
"Ур. %d","Ур. %d","Рів. %d","Lv. %d"
"[%s] — говорить","[%s] — говорить","[%s] — говорити","[%s] — talk"
"[%s] — взять / разжечь","[%s] — взять / разжечь","[%s] — узяти / розпалити","[%s] — take / light"
"[E / ЛКМ] — далее","[E / ЛКМ] — далее","[E / ЛКМ] — далі","[E / LMB] — next"
"Четвёртый осколок","Четвёртый осколок","Четвертий уламок","The Fourth Shard"
"Осада поляны","Осада поляны","Облога галявини","Siege of the Meadow"
"Логово Лича","Логово Лича","Лігво Ліча","The Lich's Lair"
"Пепельные грибы","Пепельные грибы","Попелясті гриби","Ash Mushrooms"
"Костяная стража","Костяная стража","Кістяна варта","The Bone Guard"
"Беда, рыцарь! Лич почуял осколки и послал орду отбить их.","Беда, рыцарь! Лич почуял осколки и послал орду отбить их.","Біда, лицарю! Ліч відчув уламки й послав орду відбити їх.","Trouble, knight! The lich sensed the shards and sent a horde to take them back."
"Поляна горит. Держи оборону — не дай твари прорваться к лагерю!","Поляна горит. Держи оборону — не дай твари прорваться к лагерю!","Галявина горить. Тримай оборону — не дай тварюці прорватися до табору!","The meadow burns. Hold the line — don't let them reach the camp!"
"Орда отступила... Лич остался один в своём логове.","Орда отступила... Лич остался один в своём логове.","Орда відступила... Ліч лишився сам у своєму лігві.","The horde has retreated... The lich is alone in his lair."
"Пора кончать с этим. Мы верим в тебя!","Пора кончать с этим. Мы верим в тебя!","Час покінчити з цим. Ми віримо в тебе!","Time to end this. We believe in you!"
"После пожара выросли пепельные грибы — из них выйдет крепкая настойка.","После пожара выросли пепельные грибы — из них выйдет крепкая настойка.","Після пожежі виросли попелясті гриби — з них вийде міцна настоянка.","Ash mushrooms grew after the fire — they'll make a strong tonic."
"Собери шесть — раздам отряду перед решающим боем.","Собери шесть — раздам отряду перед решающим боем.","Збери шість — роздам загону перед вирішальним боєм.","Gather six and I'll hand it out before the final battle."
"Вот и логово. Лич сплёл трон из моих же костей.","Вот и логово. Лич сплёл трон из моих же костей.","Ось і лігво. Ліч сплів трон із моїх же кісток.","Here is the lair. The lich wove a throne from my own bones."
"Он ждёт тебя. Перебей стражу — и он выйдет сам, гордыня не позволит иначе.","Он ждёт тебя. Перебей стражу — и он выйдет сам, гордыня не позволит иначе.","Він чекає на тебе. Перебий варту — і він вийде сам, гординя не дозволить інакше.","He awaits you. Slay his guard and he will come out himself — his pride demands it."
"Заверши начатое, рыцарь. Народ гномов молится за тебя.","Заверши начатое, рыцарь. Народ гномов молится за тебя.","Заверши розпочате, лицарю. Народ гномів молиться за тебе.","Finish what you started, knight. The gnome folk pray for you."
"Свершилось...","Свершилось...","Здійснилося...","It is done..."
"Костяная стража стянулась к трону.","Костяная стража стянулась к трону.","Кістяна варта стяглася до трону.","The bone guard has gathered at the throne."
"Каждый упокоенный страж — минус клинок за спиной лича.","Каждый упокоенный страж — минус клинок за спиной лича.","Кожен упокоєний вартовий — мінус клинок за спиною ліча.","Every guard laid to rest is one less blade at the lich's back."
"Золотая концовка: Сердце Горы исцелено полностью. Гномы вышли из нор с дарами, Дунгрим упокоился с улыбкой, а в честь рыцаря выковали статую. Поляна цветёт как никогда.","Золотая концовка: Сердце Горы исцелено полностью. Гномы вышли из нор с дарами, Дунгрим упокоился с улыбкой, а в честь рыцаря выковали статую. Поляна цветёт как никогда.","Золота кінцівка: Серце Гори зцілене повністю. Гноми вийшли з нір із дарами, Дунгрім упокоївся з усмішкою, а на честь лицаря викували статую. Галявина квітне як ніколи.","Golden ending: the Heart of the Mountain is fully healed. The gnomes emerged bearing gifts, Dungrim passed on smiling, and a statue was forged in the knight's honor. The meadow blooms like never before."
"Светлая концовка: проклятие снято, племя свободно. Но трещины на Сердце остались — как и тени в глазах старых гномов. Дунгрим обрёл покой.","Светлая концовка: проклятие снято, племя свободно. Но трещины на Сердце остались — как и тени в глазах старых гномов. Дунгрим обрёл покой.","Світла кінцівка: прокляття знято, плем'я вільне. Але тріщини на Серці лишилися — як і тіні в очах старих гномів. Дунгрім знайшов спокій.","Bright ending: the curse is lifted, the tribe is free. But cracks remain on the Heart — as do shadows in the old gnomes' eyes. Dungrim found peace."
"Горькая концовка: Лич пал, но Сердце срослось криво — слишком много просьб осталось без ответа. Гномы разбрелись по норам, а дух Дунгрима всё бродит меж деревьев...","Горькая концовка: Лич пал, но Сердце срослось криво — слишком много просьб осталось без ответа. Гномы разбрелись по норам, а дух Дунгрима всё бродит меж деревьев...","Гірка кінцівка: Ліч упав, але Серце зрослося криво — забагато прохань лишилося без відповіді. Гноми розбрелися по норах, а дух Дунгріма все блукає між дерев...","Bitter ending: the lich fell, but the Heart mended crooked — too many pleas went unanswered. The gnomes scattered to their burrows, and Dungrim's spirit still wanders among the trees..."
"ПЕРСОНАЖ","ПЕРСОНАЖ","ПЕРСОНАЖ","CHARACTER"
"Свободных очков: %d","Свободных очков: %d","Вільних очок: %d","Free points: %d"
"Сила","Сила","Сила","Strength"
"Живучесть","Живучесть","Живучість","Vitality"
"Ловкость","Ловкость","Спритність","Agility"
"Удача","Удача","Талан","Luck"
"+6% урона","+6% урона","+6% шкоди","+6% damage"
"+12 здоровья","+12 здоровья","+12 здоров'я","+12 health"
"+4% скорости, быстрее кувырок","+4% скорости, быстрее кувырок","+4% швидкості, швидший перекид","+4% speed, faster dodge"
"+2% шанс крита","+2% шанс крита","+2% шанс криту","+2% crit chance"
"[C / Esc] — закрыть","[C / Esc] — закрыть","[C / Esc] — закрити","[C / Esc] — close"
"Очки характеристик: %d — нажми C","Очки характеристик: %d — нажми C","Очки характеристик: %d — натисни C","Stat points: %d — press C"
"Персонаж","Персонаж","Персонаж","Character"
"Кампания:","Кампания:","Кампанія:","Campaign:"
"Новая кампания","Новая кампания","Нова кампанія","New campaign"
"Продолжить — Глава %d","Продолжить — Глава %d","Продовжити — Розділ %d","Continue — Chapter %d"
"ФИНАЛ КАМПАНИИ","ФИНАЛ КАМПАНИИ","ФІНАЛ КАМПАНІЇ","CAMPAIGN FINALE"
"Сайд-квестов выполнено: %d из %d","Сайд-квестов выполнено: %d из %d","Сайд-квестів виконано: %d з %d","Side quests completed: %d of %d"
"ур. %d","ур. %d","рів. %d","lv. %d"
"Сохранения","Сохранения","Збереження","Save slots"
"Слот %d","Слот %d","Слот %d","Slot %d"
"Пусто — новая игра","Пусто — новая игра","Порожньо — нова гра","Empty — new game"
"Глава %d · Герой ур. %d","Глава %d · Герой ур. %d","Розділ %d · Герой рів. %d","Chapter %d · Hero lv. %d"
"Сайды: %d/%d","Сайды: %d/%d","Сайди: %d/%d","Sides: %d/%d"
"Сохранено: %s","Сохранено: %s","Збережено: %s","Saved: %s"
"Выбрать","Выбрать","Обрати","Select"
"Удалить","Удалить","Видалити","Delete"
"Начать кампанию заново (герой сохранится)","Начать кампанию заново (герой сохранится)","Почати кампанію заново (герой збережеться)","Restart campaign (hero is kept)"
"Сохранение: слот %d","Сохранение: слот %d","Збереження: слот %d","Save: slot %d"
"Твой герой придёт из активного слота сохранения.","Твой герой придёт из активного слота сохранения.","Твій герой прийде з активного слота збереження.","Your hero comes from the active save slot."
"Общие","Общие","Загальні","General"
"Графика","Графика","Графіка","Graphics"
"Звук","Звук","Звук","Audio"
"Управление","Управление","Керування","Controls"
"Осколки Сердца Горы","Осколки Сердца Горы","Уламки Серця Гори","Shards of the Mountain Heart"
"Сложность:","Сложность:","Складність:","Difficulty:"
"Легко","Легко","Легко","Easy"
"Нормально","Нормально","Нормально","Normal"
"Сложно","Сложно","Складно","Hard"
"Масштаб 3D-рендера","Масштаб 3D-рендера","Масштаб 3D-рендера","3D render scale"
"Сглаживание (MSAA):","Сглаживание (MSAA):","Згладжування (MSAA):","Anti-aliasing (MSAA):"
"Выкл","Выкл","Вимк","Off"
"Мягкое затенение (SSAO)","Мягкое затенение (SSAO)","М'яке затінення (SSAO)","Ambient occlusion (SSAO)"
"Свечение (bloom)","Свечение (bloom)","Світіння (bloom)","Bloom"
"Отряд пал. Глава начнётся заново...","Отряд пал. Глава начнётся заново...","Загін поліг. Розділ почнеться заново...","The party has fallen. The chapter will restart..."
"Discord: показывать статус игры","Discord: показывать статус игры","Discord: показувати статус гри","Discord: show game activity"
"Discord Application ID:","Discord Application ID:","Discord Application ID:","Discord Application ID:"
"Создай приложение «Гномобой» на discord.com/developers,
вставь его Application ID — и Discord покажет статус и кнопку трансляции.","Создай приложение «Гномобой» на discord.com/developers,
вставь его Application ID — и Discord покажет статус и кнопку трансляции.","Створи застосунок «Гномобій» на discord.com/developers,
встав його Application ID — і Discord покаже статус і кнопку трансляції.","Create a 'Gnome Slayer' app at discord.com/developers,
paste its Application ID — Discord will show your status and the Go Live button."
"В главном меню","В главном меню","У головному меню","In the main menu"
"Сюжет — Глава %d","Сюжет — Глава %d","Сюжет — Розділ %d","Story — Chapter %d"
"Волны — волна %d","Волны — волна %d","Хвилі — хвиля %d","Waves — wave %d"
"В отряде: %d","В отряде: %d","У загоні: %d","Party of %d"
"В одиночку","В одиночку","Наодинці","Solo"
"Микрофон:","Микрофон:","Мікрофон:","Microphone:"
"Системный по умолчанию","Системный по умолчанию","Системний за замовчуванням","System default"
"Усиление микрофона","Усиление микрофона","Підсилення мікрофона","Microphone gain"
"Проверить микрофон (4 c)","Проверить микрофон (4 c)","Перевірити мікрофон (4 c)","Test microphone (4 s)"
"Ты","Ты","Ти","You"
"▶ Проверить микрофон","▶ Проверить микрофон","▶ Перевірити мікрофон","▶ Test microphone"
"■ Остановить проверку","■ Остановить проверку","■ Зупинити перевірку","■ Stop test"
"Идёт проверка: говори в микрофон — услышишь себя","Идёт проверка: говори в микрофон — услышишь себя","Триває перевірка: говори в мікрофон — почуєш себе","Testing: speak into the mic — you'll hear yourself"
"Звуки игры","Звуки игры","Звуки гри","Game sounds"
"Приглушать игру, когда говорят в рацию","Приглушать игру, когда говорят в рацию","Приглушувати гру, коли говорять у рацію","Duck game audio when someone speaks"
"WASD · ЛКМ/ПКМ · Пробел · E · V · T · C","WASD · ЛКМ/ПКМ · Пробел · E · V · T · C","WASD · ЛКМ/ПКМ · Пробіл · E · V · T · C","WASD · LMB/RMB · Space · E · V · T · C"
"ВОЗВРАЩАЙСЯ В ЛАГЕРЬ","ВОЗВРАЩАЙСЯ В ЛАГЕРЬ","ПОВЕРТАЙСЯ ДО ТАБОРУ","RETURN TO CAMP"
"Светятся, как надо! Ирма сварит отвар к утру.","Светятся, как надо! Ирма сварит отвар к утру.","Світяться, як треба! Ірма зварить відвар до ранку.","Glowing just right! Irma will brew the potion by morning."
"Держи за труды, рыцарь.","Держи за труды, рыцарь.","Тримай за труди, лицарю.","Here, for your trouble, knight."
"Молот Борина! Шустрые больше не сунутся.","Молот Борина! Шустрые больше не сунутся.","Молот Боріна! Швидкі більше не поткнуться.","Borin's hammer! The quick ones won't dare come back."
"Огни горят — путники увидят дорогу. Благодарю, воин.","Огни горят — путники увидят дорогу. Благодарю, воин.","Вогні горять — подорожні побачать шлях. Дякую, воїне.","The fires are lit — travelers will see the way. Thank you, warrior."
"Рой растоптан! Теперь и дышится легче.","Рой растоптан! Теперь и дышится легче.","Рій розтоптано! Тепер і дихається легше.","The swarm is crushed! The air feels lighter already."
"Пепельные грибы! Настойка выйдет — закачаешься.","Пепельные грибы! Настойка выйдет — закачаешься.","Попелясті гриби! Настоянка вийде — заслухаєшся.","Ash mushrooms! This tincture will knock your boots off."
"Стража пала. За спиной лича больше никого.","Стража пала. За спиной лича больше никого.","Варта полягла. За спиною лича більше нікого.","The guard has fallen. No one stands behind the lich now."
"[%s] — нанять мага (%d золота)","[%s] — нанять мага (%d золота)","[%s] — найняти мага (%d золота)","[%s] — hire a mage (%d gold)"
"Аванс не возвращаю. Ученика после заката не кормить — он и до заката-то не очень.","Аванс не возвращаю. Ученика после заката не кормить — он и до заката-то не очень.","Аванс не повертаю. Учня після заходу сонця не годувати — він і до заходу так собі.","No refunds on the advance. Don't feed the apprentice after sunset — he's not great before sunset either."
"Беда! Лич почуял осколки и послал орду отбирать. А у меня, между прочим, перерыв!","Беда! Лич почуял осколки и послал орду отбирать. А у меня, между прочим, перерыв!","Біда! Лич відчув уламки й послав орду відбирати. А в мене, між іншим, перерва!","Trouble! The Lich sensed the shards and sent a horde to take them back. And I'm on my break, mind you!"
"Вольный маг Фырк","Вольный маг Фырк","Вільний маг Фирк","Fyrk the Freelance Mage"
"Вольный маг нанят! Он пойдёт за нанимателем.","Вольный маг нанят! Он пойдёт за нанимателем.","Вільного мага найнято! Він піде за наймачем.","Freelance mage hired! He will follow his employer."
"Вот и логово. Лич сплёл трон из моих костей. Мог бы хоть спросить.","Вот и логово. Лич сплёл трон из моих костей. Мог бы хоть спросить.","Ось і лігво. Лич сплів трон із моїх кісток. Міг би хоч спитати.","There's the lair. The Lich wove a throne out of my bones. He could have at least asked."
"Впереди зима. Надень что-нибудь. Желательно железное.","Впереди зима. Надень что-нибудь. Желательно железное.","Попереду зима. Вдягни щось. Бажано залізне.","Winter's ahead. Put something on. Preferably made of iron."
"Выбей молот из шустрых. Они быстрые, но ты злее.","Выбей молот из шустрых. Они быстрые, но ты злее.","Вибий молот зі швидких. Вони прудкі, але ти лютіший.","Knock the hammer out of the quick ones. They're fast, but you're angrier."
"Гном гному рознь, рыцарь! Меня проклятие не взяло — я у горна прокоптился насквозь, тьме противно.","Гном гному рознь, рыцарь! Меня проклятие не взяло — я у горна прокоптился насквозь, тьме противно.","Гном гному не рівня, лицарю! Мене прокляття не взяло — я біля горна прокоптився наскрізь, темряві гидко.","Not all gnomes are alike, knight! The curse didn't take me — I'm smoked through from the forge, the darkness finds me disgusting."
"Горькая концовка: Лич пал, но Сердце срослось криво — слишком много просьб осталось без ответа. Гномы разбрелись по норам, а дух Дунгрима всё бродит и ворчит, что раньше и трава была зеленее, и рыцари — отзывчивее...","Горькая концовка: Лич пал, но Сердце срослось криво — слишком много просьб осталось без ответа. Гномы разбрелись по норам, а дух Дунгрима всё бродит и ворчит, что раньше и трава была зеленее, и рыцари — отзывчивее...","Гірка кінцівка: Лич упав, але Серце зрослося криво — забагато прохань лишилося без відповіді. Гноми розбрелися по норах, а дух Дунгріма все блукає й бурчить, що раніше й трава була зеленіша, і лицарі — чуйніші...","Bitter ending: the Lich has fallen, but the Heart mended crooked — too many requests went unanswered. The gnomes scattered to their burrows, and Dungrim's ghost still wanders, grumbling that the grass used to be greener and knights used to be nicer..."
"Горят! Теперь заблудится лишь тот, кто очень постарается. Благодарю, воин.","Горят! Теперь заблудится лишь тот, кто очень постарается. Благодарю, воин.","Горять! Тепер заблукає лише той, хто дуже постарається. Дякую, воїне.","They're burning! Now only someone who really tries can get lost. Thank you, warrior."
"Держи награду. Только Ирме не говори, из чьей она кубышки.","Держи награду. Только Ирме не говори, из чьей она кубышки.","Тримай нагороду. Тільки Ірмі не кажи, з чиєї вона скарбнички.","Here's your reward. Just don't tell Irma whose stash it came from."
"Держи оборону, не пропусти их к лагерю: там шатёр, а в шатре — я и мои нервы.","Держи оборону, не пропусти их к лагерю: там шатёр, а в шатре — я и мои нервы.","Тримай оборону, не пропусти їх до табору: там намет, а в наметі — я і мої нерви.","Hold the line, don't let them reach the camp: there's a tent there, and inside are me and my nerves."
"Его осколок морозит саму землю. Расчисти путь — и он выйдет: гордый, как все короли, у которых в тронном зале минус сорок.","Его осколок морозит саму землю. Расчисти путь — и он выйдет: гордый, как все короли, у которых в тронном зале минус сорок.","Його уламок морозить саму землю. Розчисти шлях — і він вийде: гордий, як усі королі, у яких у тронній залі мінус сорок.","His shard freezes the very ground. Clear the way and he'll come out — proud, like every king whose throne room is at minus forty."
"Заверши начатое. Народ гномов молится за тебя — тихо, коряво, но искренне.","Заверши начатое. Народ гномов молится за тебя — тихо, коряво, но искренне.","Заверши почате. Народ гномів молиться за тебе — тихо, незграбно, але щиро.","Finish what you started. The gnome folk are praying for you — quietly, clumsily, but sincerely."
"Золотая концовка: Сердце Горы собрано целиком. Гномы вынесли рыцарю дары, статую и пожизненный запас морковки. Дунгрим уснул с улыбкой — впервые за триста лет без храпа. Поляна цветёт, и даже грибы светятся как-то по-доброму.","Золотая концовка: Сердце Горы собрано целиком. Гномы вынесли рыцарю дары, статую и пожизненный запас морковки. Дунгрим уснул с улыбкой — впервые за триста лет без храпа. Поляна цветёт, и даже грибы светятся как-то по-доброму.","Золота кінцівка: Серце Гори зібране повністю. Гноми винесли лицареві дари, статую і довічний запас морквини. Дунгрім заснув з усмішкою — вперше за триста років без хропіння. Галявина квітне, і навіть гриби світяться якось по-доброму.","Golden ending: the Mountain Heart is whole again. The gnomes brought the knight gifts, a statue and a lifetime supply of carrots. Dungrim fell asleep smiling — snore-free for the first time in three hundred years. The meadow blooms, and even the mushrooms glow in a friendly sort of way."
"Золото отряда: %d","Золото отряда: %d","Золото загону: %d","Party gold: %d"
"Каждый упокоенный страж — минус клинок за спиной лича. Математика — страшная сила.","Каждый упокоенный страж — минус клинок за спиной лича. Математика — страшная сила.","Кожен упокоєний вартовий — мінус клинок за спиною лича. Математика — страшна сила.","Every guard laid to rest is one less blade behind the Lich. Math is a terrifying power."
"Костяная мелюзга грызёт всё подряд. Вчера обед мой сгрызли. С миской.","Костяная мелюзга грызёт всё подряд. Вчера обед мой сгрызли. С миской.","Кістяна дрібнота гризе все підряд. Вчора обід мій згризли. З мискою.","The bone runts gnaw on everything. Yesterday they ate my lunch. Bowl included."
"Костяная стража стянулась к трону. Стоят красиво — аж ломать жалко. Шучу. Не жалко.","Костяная стража стянулась к трону. Стоят красиво — аж ломать жалко. Шучу. Не жалко.","Кістяна варта стягнулася до трону. Стоять гарно — аж ламати шкода. Жартую. Не шкода.","The bone guard has gathered at the throne. They stand so pretty it's almost a shame to break them. Kidding. It's not."
"Костяные разбойники обчистили лагерь Борина. Даже наковальню обнюхали.","Костяные разбойники обчистили лагерь Борина. Даже наковальню обнюхали.","Кістяні розбійники обчистили табір Боріна. Навіть ковадло обнюхали.","Bone bandits cleaned out Borin's camp. They even sniffed the anvil."
"Лич носит последний осколок и МОЮ корону. Забери у него и то, и другое. Корону оставь себе — она всё равно жмёт.","Лич носит последний осколок и МОЮ корону. Забери у него и то, и другое. Корону оставь себе — она всё равно жмёт.","Лич носить останній уламок і МОЮ корону. Забери в нього і те, і інше. Корону лиши собі — вона все одно тисне.","The Lich carries the last shard and MY crown. Take both from him. Keep the crown — it pinches anyway."
"Мой ученик пойдёт за тобой и будет кидаться огнём. 30 золота. Дорого? А ты сам попробуй покидайся.","Мой ученик пойдёт за тобой и будет кидаться огнём. 30 золота. Дорого? А ты сам попробуй покидайся.","Мій учень піде за тобою і кидатиметься вогнем. 30 золота. Дорого? А ти сам спробуй покидатися.","My apprentice will follow you and throw fire around. 30 gold. Expensive? You try throwing it yourself."
"Молот Борина! Тяжёлый, как его характер. Держи долю — честно отобранную у нечестных.","Молот Борина! Тяжёлый, как его характер. Держи долю — честно отобранную у нечестных.","Молот Боріна! Важкий, як його характер. Тримай частку — чесно відібрану в нечесних.","Borin's hammer! Heavy as his temper. Here's your share — honestly taken from the dishonest."
"Не переживай: он мёртв уже триста лет. Что он тебе сделает... Ой.","Не переживай: он мёртв уже триста лет. Что он тебе сделает... Ой.","Не хвилюйся: він мертвий уже триста років. Що він тобі зробить... Ой.","Don't worry: he's been dead for three hundred years. What could he possibly do to you... Oh."
"Не хватает золота — маг работает по предоплате.","Не хватает золота — маг работает по предоплате.","Бракує золота — маг працює за передоплатою.","Not enough gold — the mage works on prepayment."
"Орда отступила! Лич остался совсем один. Даже жалко... Нет, не жалко.","Орда отступила! Лич остался совсем один. Даже жалко... Нет, не жалко.","Орда відступила! Лич лишився зовсім сам. Аж шкода... Ні, не шкода.","The horde has retreated! The Lich is all alone now. Almost feel sorry for him... No, I don't."
"Осколок второй, и молот при мне! Теперь можно и жить, и ковать.","Осколок второй, и молот при мне! Теперь можно и жить, и ковать.","Уламок другий, і молот при мені! Тепер можна і жити, і кувати.","Shard number two, and my hammer's back! Now I can live AND forge."
"Пепельные грибы! Настойка выйдет — закачаешься. В прямом смысле, так что по глоточку.","Пепельные грибы! Настойка выйдет — закачаешься. В прямом смысле, так что по глоточку.","Попелясті гриби! Настоянка вийде — заслухаєшся. У прямому сенсі, тож по ковточку.","Ash mushrooms! This tincture will knock you off your feet. Literally, so small sips only."
"Первый осколок! Тёплый, как пирожок. Осталось ещё пять — там, где холоднее и страшнее.","Первый осколок! Тёплый, как пирожок. Осталось ещё пять — там, где холоднее и страшнее.","Перший уламок! Теплий, як пиріжок. Лишилося ще п'ять — там, де холодніше і страшніше.","The first shard! Warm as a fresh pie. Five more to go — in places colder and scarier."
"Перебей стражу — и он выйдет сам: гордыня не позволит отсиживаться. Уж я-то знаю, сам таким был.","Перебей стражу — и он выйдет сам: гордыня не позволит отсиживаться. Уж я-то знаю, сам таким был.","Перебий варту — і він вийде сам: гординя не дозволить відсиджуватися. Вже я знаю, сам таким був.","Slay the guard and he'll come out himself — pride won't let him hide. Trust me, I used to be like that."
"Пора с этим кончать. Мы верим в тебя! В основном потому, что больше не в кого.","Пора с этим кончать. Мы верим в тебя! В основном потому, что больше не в кого.","Час із цим кінчати. Ми віримо в тебе! Здебільшого тому, що більше нема в кого.","Time to end this. We believe in you! Mostly because there's no one else left to believe in."
"После пожара выросли пепельные грибы. На вкус — подошва, по эффекту — праздник.","После пожара выросли пепельные грибы. На вкус — подошва, по эффекту — праздник.","Після пожежі виросли попелясті гриби. На смак — підошва, за ефектом — свято.","Ash mushrooms grew after the fire. They taste like boot soles and feel like a holiday."
"Почему сам не соберу? У меня аллергия. На работу.","Почему сам не соберу? У меня аллергия. На работу.","Чому сам не зберу? У мене алергія. На роботу.","Why don't I pick them myself? I have an allergy. To work."
"При жизни я собрал все осколки себе. Умер от жадности. Буквально.","При жизни я собрал все осколки себе. Умер от жадности. Буквально.","За життя я зібрав усі уламки собі. Помер від жадібності. Буквально.","In life I gathered all the shards for myself. Died of greed. Literally."
"Проклятие? Не слышал. Я в тот день спал. И всю неделю тоже.","Проклятие? Не слышал. Я в тот день спал. И всю неделю тоже.","Прокляття? Не чув. Я того дня спав. І весь тиждень теж.","The curse? Never heard of it. I was asleep that day. And that week."
"Прореди самых буйных — их вожак вылезет сам. Отбери осколок, а я пока отвар поставлю. От него ещё никто не... ну, почти.","Прореди самых буйных — их вожак вылезет сам. Отбери осколок, а я пока отвар поставлю. От него ещё никто не... ну, почти.","Прорідь найбуйніших — їхній ватажок вилізе сам. Відбери уламок, а я поки відвар поставлю. Від нього ще ніхто не... ну, майже.","Thin out the rowdiest ones and their chief will crawl out himself. Grab the shard while I get the potion brewing. Nobody's ever died from it... well, almost nobody."
"Псст, рыцарь. Ирме для отвара нужны светящиеся грибы, пять штук.","Псст, рыцарь. Ирме для отвара нужны светящиеся грибы, пять штук.","Псст, лицарю. Ірмі для відвару потрібні сяйливі гриби, п'ять штук.","Psst, knight. Irma needs glowing mushrooms for the potion. Five of them."
"Путники плутают в метели, а у меня борода мёрзнет дорогу указывать.","Путники плутают в метели, а у меня борода мёрзнет дорогу указывать.","Подорожні блукають у заметілі, а в мене борода мерзне шлях показувати.","Travelers keep getting lost in the blizzard, and my beard freezes when I point the way."
"Разгони эту костяную биржу труда — их главный сам вылезет.","Разгони эту костяную биржу труда — их главный сам вылезет.","Розжени цю кістяну біржу праці — їхній головний сам вилізе.","Break up that bone-rattling job fair and their boss will crawl out himself."
"Разожги три сигнальных костра. Огонь тёплый. Проверено наукой.","Разожги три сигнальных костра. Огонь тёплый. Проверено наукой.","Розпали три сигнальні багаття. Вогонь теплий. Перевірено наукою.","Light three signal fires. Fire is warm. Science has confirmed it."
"Растопчи десяток. Обед не вернёшь, но до чего приятно.","Растопчи десяток. Обед не вернёшь, но до чего приятно.","Розтопчи десяток. Обіду не повернеш, але як же приємно.","Stomp a dozen of them. It won't bring my lunch back, but it sure feels good."
"Рой растоптан! Впервые вижу, чтобы кто-то работал быстрее, чем я жалуюсь.","Рой растоптан! Впервые вижу, чтобы кто-то работал быстрее, чем я жалуюсь.","Рій розтоптано! Вперше бачу, щоб хтось працював швидше, ніж я скаржуся.","The swarm is crushed! First time I've seen anyone work faster than I complain."
"Рыцарь! Наконец-то. Гномы взбесились: раньше морковку воровали, теперь — души.","Рыцарь! Наконец-то. Гномы взбесились: раньше морковку воровали, теперь — души.","Лицарю! Нарешті. Гноми сказилися: раніше морквину крали, тепер — душі.","A knight! Finally. The gnomes have gone mad: they used to steal carrots, now they steal souls."
"Свершилось... Пойду прилягу. Навсегда. В хорошем смысле.","Свершилось... Пойду прилягу. Навсегда. В хорошем смысле.","Звершилося... Піду приляжу. Назавжди. У хорошому сенсі.","It is done... I'll go lie down now. Forever. In a good way."
"Светлая концовка: проклятие снято, племя свободно. Трещины на Сердце остались — как у всех нас, в общем-то. Дунгрим обрёл покой, а поляна — тишину. Почти: гномы всё ещё поют по пятницам.","Светлая концовка: проклятие снято, племя свободно. Трещины на Сердце остались — как у всех нас, в общем-то. Дунгрим обрёл покой, а поляна — тишину. Почти: гномы всё ещё поют по пятницам.","Світла кінцівка: прокляття знято, плем'я вільне. Тріщини на Серці лишилися — як у всіх нас, зрештою. Дунгрім знайшов спокій, а галявина — тишу. Майже: гноми досі співають по п'ятницях.","Bright ending: the curse is lifted, the tribe is free. The Heart still has its cracks — like all of us, really. Dungrim found peace, and the meadow found quiet. Almost: the gnomes still sing on Fridays."
"Светятся! Как моя совесть — ровно наполовину.","Светятся! Как моя совесть — ровно наполовину.","Світяться! Як моє сумління — рівно наполовину.","They glow! Like my conscience — exactly half-bright."
"Сердце едино! Тьма уходит из глаз моего народа... и из моих. А у меня их даже нет.","Сердце едино! Тьма уходит из глаз моего народа... и из моих. А у меня их даже нет.","Серце єдине! Темрява йде з очей мого народу... і з моїх. А в мене їх навіть немає.","The Heart is whole! The darkness leaves my people's eyes... and mine. And I don't even have any."
"Скелеты спёрли осколок. И молот мой! Осколок — ладно. Но МОЛОТ!","Скелеты спёрли осколок. И молот мой! Осколок — ладно. Но МОЛОТ!","Скелети поцупили уламок. І молот мій! Уламок — гаразд. Але МОЛОТ!","The skeletons swiped the shard. And my hammer! The shard — fine. But the HAMMER!"
"Собери шесть — сделаю настойку для отряда перед решающим боем.","Собери шесть — сделаю настойку для отряда перед решающим боем.","Збери шість — зроблю настоянку для загону перед вирішальним боєм.","Gather six and I'll brew a tincture for the party before the final battle."
"Спасибо, рыцарь. Теперь я могу уснуть. Лет на тысячу. Не будить.","Спасибо, рыцарь. Теперь я могу уснуть. Лет на тысячу. Не будить.","Дякую, лицарю. Тепер я можу заснути. Років на тисячу. Не будити.","Thank you, knight. Now I can sleep. For a thousand years or so. Do not wake."
"Стража пала. За спиной лича — только сквозняк.","Стража пала. За спиной лича — только сквозняк.","Варта полягла. За спиною лича — лише протяг.","The guard has fallen. Behind the Lich there's nothing but a draft."
"Ступай в Осенний лес. И да хранит тебя Сердце Горы — у него, правда, сейчас не лучшая форма.","Ступай в Осенний лес. И да хранит тебя Сердце Горы — у него, правда, сейчас не лучшая форма.","Іди до Осіннього лісу. І хай береже тебе Серце Гори — воно, щоправда, зараз не в найкращій формі.","Head to the Autumn Forest. May the Mountain Heart protect you — though it's not exactly in top shape right now."
"Твои адреса (дай другу нужный):","Твои адреса (дай другу нужный):","Твої адреси (дай другові потрібну):","Your addresses (give your friend the right one):"
"Тише! Морозный король собрал орду у ледника. Сидят, мёрзнут, нас ждут.","Тише! Морозный король собрал орду у ледника. Сидят, мёрзнут, нас ждут.","Тихіше! Морозний король зібрав орду біля льодовика. Сидять, мерзнуть, нас чекають.","Quiet! The Frost King has gathered a horde by the glacier. They sit there, freezing, waiting for us."
"Третий! Остался последний — в Ночной чаще, у Короля-лича.","Третий! Остался последний — в Ночной чаще, у Короля-лича.","Третій! Лишився останній — у Нічній хащі, в Короля-лича.","The third! One left — in the Night Thicket, with the Lich King."
"У Фырка кончились свободные ученики.","У Фырка кончились свободные ученики.","У Фирка скінчилися вільні учні.","Fyrk has run out of available apprentices."
"Это всё осколки Сердца Горы: раскололось, осыпалось — и у каждого второго гнома теперь тёмная сторона и претензии.","Это всё осколки Сердца Горы: раскололось, осыпалось — и у каждого второго гнома теперь тёмная сторона и претензии.","Це все уламки Серця Гори: розкололося, обсипалося — і в кожного другого гнома тепер темний бік і претензії.","It's all the Mountain Heart's shards: it cracked, it crumbled — and now every other gnome has a dark side and a list of grievances."
"Я — Дунгрим, король гномов. Точнее, его лучшая часть: призрачная.","Я — Дунгрим, король гномов. Точнее, его лучшая часть: призрачная.","Я — Дунгрім, король гномів. Точніше, його найкраща частина: примарна.","I am Dungrim, king of the gnomes. Or rather, his best part: the ghostly one."
"Силовой хват","Силовой хват","Силове хапання","Iron Grip"
"+8% урона в ближнем бою","+8% урона в ближнем бою","+8% шкоди в ближньому бою","+8% melee damage"
"Свирепость","Свирепость","Лютість","Ferocity"
"Ещё +8% урона в ближнем бою","Ещё +8% урона в ближнем бою","Ще +8% шкоди в ближньому бою","Another +8% melee damage"
"Крепкое тело","Крепкое тело","Міцне тіло","Sturdy Body"
"+6% максимального здоровья","+6% максимального здоровья","+6% максимального здоров'я","+6% max health"
"Целитель","Целитель","Цілитель","Healer"
"Поднимаешь союзников на 20% быстрее","Поднимаешь союзников на 20% быстрее","Піднімаєш союзників на 20% швидше","Revive allies 20% faster"
"Лёгкие ноги","Лёгкие ноги","Легкі ноги","Light Feet"
"+6% скорости бега","+6% скорости бега","+6% швидкості бігу","+6% run speed"
"Тень","Тень","Тінь","Shadow"
"Перекат восстанавливается на 20% быстрее","Перекат восстанавливается на 20% быстрее","Перекат відновлюється на 20% швидше","Dodge roll recovers 20% faster"
"Удачливый","Удачливый","Везунчик","Lucky"
"+20% золота с убитых тобой гномов","+20% золота с убитых тобой гномов","+20% золота з гномів, вбитих тобою","+20% gold from gnomes you kill"
"Роковой удар","Роковой удар","Фатальний удар","Fatal Strike"
"Криты наносят на 25% больше","Криты наносят на 25% больше","Крити завдають на 25% більше","Crits deal 25% more damage"
"Первая кровь","Первая кровь","Перша кров","First Blood"
"Убей своего первого гнома","Убей своего первого гнома","Вбий свого першого гнома","Kill your first gnome"
"Гроза гномов","Гроза гномов","Гроза гномів","Gnome Slayer"
"Убей 100 гномов","Убей 100 гномов","Вбий 100 гномів","Kill 100 gnomes"
"Победитель вождя","Победитель вождя","Переможець вождя","Chief's Bane"
"Срази вожака гномов","Срази вожака гномов","Здолай вождя гномів","Defeat the gnome chieftain"
"Вольный маг","Вольный маг","Вільний маг","Freelance Mage"
"Найми гнома-мага в лагере","Найми гнома-мага в лагере","Найми гнома-мага в таборі","Hire a gnome mage at camp"
"Наставник","Наставник","Наставник","Mentor"
"Прокачай наёмника до максимума","Прокачай наёмника до максимума","Прокачай найманця до максимуму","Level your hireling to max"
"Спасатель","Спасатель","Рятівник","Lifesaver"
"Подними павшего товарища","Подними павшего товарища","Підніми полеглого товариша","Revive a fallen ally"
"Золотая жила","Золотая жила","Золота жила","Gold Rush"
"Собери 500 золота отряда за главу","Собери 500 золота отряда за главу","Збери 500 золота загону за главу","Gather 500 party gold in one chapter"
"Мастер на все руки","Мастер на все руки","Майстер на всі руки","Jack of All Trades"
"Выполни все побочные задания кампании","Выполни все побочные задания кампании","Виконай усі побічні завдання кампанії","Complete every side quest in the campaign"
"Осколки собраны","Осколки собраны","Уламки зібрано","Shards Assembled"
"Заверши кампанию","Заверши кампанию","Заверши кампанію","Finish the campaign"
"Достойный финал","Достойный финал","Гідний фінал","A Worthy Ending"
"Получи лучшую концовку кампании","Получи лучшую концовку кампании","Отримай найкращу кінцівку кампанії","Earn the campaign's best ending"
"Дуэлянт","Дуэлянт","Дуелянт","Duelist"
"Победи в ПвП-поединке","Победи в ПвП-поединке","Переможи в ПвП-поєдинку","Win a PvP duel"
"ГОТОВИТ УДАР!","ГОТОВИТ УДАР!","ГОТУЄ УДАР!","WINDING UP A STRIKE!"
"ГОТОВИТ РЫВОК!","ГОТОВИТ РЫВОК!","ГОТУЄ РИВОК!","PREPARING A CHARGE!"
"ПРИЗЫВАЕТ ПОДКРЕПЛЕНИЕ!","ПРИЗЫВАЕТ ПОДКРЕПЛЕНИЕ!","КЛИЧЕ ПІДКРІПЛЕННЯ!","SUMMONING REINFORCEMENTS!"
"Новый навык открыт!","Новый навык открыт!","Новий навик відкрито!","New skill unlocked!"
"ДОСТИЖЕНИЯ","ДОСТИЖЕНИЯ","ДОСЯГНЕННЯ","ACHIEVEMENTS"
"Открыто: %d из %d","Открыто: %d из %d","Відкрито: %d з %d","Unlocked: %d of %d"
"ДОСТИЖЕНИЕ: %s","ДОСТИЖЕНИЕ: %s","ДОСЯГНЕННЯ: %s","ACHIEVEMENT: %s"
"Войди в портал","Войди в портал","Увійди в портал","Step into the portal"
"Ирма выжала последний гриб в котёл и притворилась, что так и было.","Ирма выжала последний гриб в котёл и притворилась, что так и было.","Ірма вичавила останній гриб у казан і вдала, що так і було задумано.","Irma squeezed the last mushroom into the cauldron and pretended that was the plan all along."
"Портал загудел. Врач сказала: «Идите уже, а то отвар остынет».","Портал загудел. Врач сказала: «Идите уже, а то отвар остынет».","Портал загудів. Лікарка сказала: «Ідіть уже, бо відвар охолоне».","The portal began to hum. The healer said, ""Off you go, before the brew gets cold."""
"Молот вернулся к Борину. Гвозди в подошвах гномов — уже его проблема.","Молот вернулся к Борину. Гвозди в подошвах гномов — уже его проблема.","Молот повернувся до Боріна. Цвяхи в підошвах гномів — тепер його проблема.","The hammer is back with Borin. Nails in gnome boot-soles are his problem now."
"Кузница задышала огнём. Портал — единственный выход, не считая дымохода.","Кузница задышала огнём. Портал — единственный выход, не считая дымохода.","Кузня знову задихала вогнем. Портал — єдиний вихід, не рахуючи димаря.","The forge breathes fire again. The portal is the only way out, not counting the chimney."
"Ася потушила последний сигнальный костёр рукавом — как обычно, героически и не по инструкции.","Ася потушила последний сигнальный костёр рукавом — как обычно, героически и не по инструкции.","Ася загасила останнє сигнальне багаття рукавом — як завжди, героїчно і не за інструкцією.","Asya put out the last signal fire with her sleeve — heroic, as usual, and not remotely by the book."
"Лёд треснул ровно там, где нужно. Портал открылся раньше, чем она замёрзла окончательно.","Лёд треснул ровно там, где нужно. Портал открылся раньше, чем она замёрзла окончательно.","Лід тріснув саме там, де треба. Портал відкрився раніше, ніж вона замерзла остаточно.","The ice cracked exactly where it needed to. The portal opened before she froze solid."
"Дух короля Дунгрима вздохнул с облегчением — впервые за триста лет не в переносном смысле.","Дух короля Дунгрима вздохнул с облегчением — впервые за триста лет не в переносном смысле.","Дух короля Дунгріма зітхнув із полегшенням — вперше за триста років не в переносному сенсі.","The ghost of King Dungrim sighed with relief — for the first time in three hundred years, not just figuratively."
"«Ну наконец-то», — сказал призрак и первым нырнул в портал, забыв, что призракам это необязательно.","«Ну наконец-то», — сказал призрак и первым нырнул в портал, забыв, что призракам это необязательно.","«Ну нарешті», — сказав привид і перший пірнув у портал, забувши, що привидам це необов'язково.","""Finally,"" said the ghost, diving into the portal first — forgetting that ghosts don't actually need to."
"Поляна снова цела. Ирма уже готовит следующий отвар — на всякий случай.","Поляна снова цела. Ирма уже готовит следующий отвар — на всякий случай.","Галявина знову ціла. Ірма вже готує наступний відвар — про всяк випадок.","The meadow is whole again. Irma is already brewing the next potion — just in case."
"Портал мерцает терпеливо. Он привык, что тут вечно кого-то осаждают.","Портал мерцает терпеливо. Он привык, что тут вечно кого-то осаждают.","Портал терпляче мерехтить. Він звик, що тут постійно когось обложують.","The portal flickers patiently. It's used to this place being besieged every other week."
"Логово Лича опустело — если не считать эха и одной очень недовольной кости.","Логово Лича опустело — если не считать эха и одной очень недовольной кости.","Лігво Ліча спорожніло — якщо не рахувати відлуння й однієї дуже незадоволеної кістки.","The Lich's lair stands empty — save for an echo and one very displeased bone."
"Дунгрим махнул рукой в портал: «После вас. Я тут уже был, знаю дорогу».","Дунгрим махнул рукой в портал: «После вас. Я тут уже был, знаю дорогу».","Дунгрім махнув рукою в портал: «Після вас. Я тут уже був, знаю дорогу».","Dungrim waved toward the portal: ""After you. I've been through here before -- I know the way."""
"УРОВЕНЬ %d","УРОВЕНЬ %d","РІВЕНЬ %d","LEVEL %d"
"подмастерье ур. %d","подмастерье ур. %d","підмайстер рів. %d","apprentice lv. %d"
"[%s] — осмотреть","[%s] — осмотреть","[%s] — оглянути","[%s] — examine"
"[%s] — попросить благословения","[%s] — попросить благословения","[%s] — попросити благословення","[%s] — ask for a blessing"
"Где-то за холмами уже дымит кузница Борина — и явно не только от очага.","Где-то за холмами уже дымит кузница Борина — и явно не только от очага.","Десь за пагорбами вже димить кузня Боріна — і явно не тільки від вогнища.","Somewhere past the hills, Borin's forge is already smoking — and clearly not just from the hearth."
"На горизонте вспыхивают сигнальные огни — кто-то там уже замерзает по расписанию.","На горизонте вспыхивают сигнальные огни — кто-то там уже замерзает по расписанию.","На горизонті спалахують сигнальні вогні — хтось там уже мерзне за розкладом.","Signal fires flare on the horizon — someone out there is already freezing right on schedule."
"В глубине ледника что-то костяное завозилось — и явно не собирается ждать весны.","В глубине ледника что-то костяное завозилось — и явно не собирается ждать весны.","У глибині льодовика щось кістяне заворушилося — і явно не збирається чекати весни.","Deep in the glacier, something bony has started stirring — and it clearly isn't waiting for spring."
"Поляна вдалеке уже трубит тревогу — старым бедам понадобился ремонт.","Поляна вдалеке уже трубит тревогу — старым бедам понадобился ремонт.","Галявина вдалині вже трубить тривогу — старим бідам знадобився ремонт.","Far off, the meadow is already sounding the alarm — the old troubles need patching up again."
"А из Логова Лича, говорят, снова доносится стук костей не в такт.","А из Логова Лича, говорят, снова доносится стук костей не в такт.","А з Лігва Ліча, кажуть, знову чути стукіт кісток не в такт.","And from the Lich's Lair, they say, an off-beat rattle of bones can be heard again."
"Осколки Сердца Горы, наконец все вместе, тихо светятся в мешке — и, кажется, тоже рады финалу.","Осколки Сердца Горы, наконец все вместе, тихо светятся в мешке — и, кажется, тоже рады финалу.","Уламки Серця Гори, нарешті всі разом, тихо світяться в мішку — і, здається, теж раді фіналу.","The shards of the Mountain Heart, finally all together, glow quietly in the sack — and seem just as glad it's over."
"Когда-то здесь стояла сторожевая башня — пока Сердце Горы не раскололось и гномы не решили, что сторожить особо нечего.","Когда-то здесь стояла сторожевая башня — пока Сердце Горы не раскололось и гномы не решили, что сторожить особо нечего.","Колись тут стояла сторожова вежа — поки Серце Гори не розкололося і гноми не вирішили, що охороняти особливо нічого.","A watchtower once stood here — until the Mountain Heart cracked and the gnomes decided there was little left worth guarding."
"На камне едва читается: «Здесь был дозорный пост. Отсюда всё началось. Или закончилось — как посмотреть».","На камне едва читается: «Здесь был дозорный пост. Отсюда всё началось. Или закончилось — как посмотреть».","На камені ледь читається: «Тут був дозірний пост. Звідси все почалося. Або закінчилося — як подивитися».","Barely legible on the stone: ""A watch post once stood here. This is where it all began. Or ended -- depends how you look at it."""
"Обвалившиеся ступени ведут в никуда — башня рухнула в ту же ночь, когда небо треснуло цветом расколотого камня.","Обвалившиеся ступени ведут в никуда — башня рухнула в ту же ночь, когда небо треснуло цветом расколотого камня.","Обвалені сходи ведуть у нікуди — вежа впала тієї ж ночі, коли небо тріснуло кольором розколотого каменю.","Collapsed steps lead nowhere — the tower fell the same night the sky cracked with the color of shattered stone."
"Руны на камнях складываются в одно слово: «Осколки». Кто-то явно знал, что случится, задолго до того, как это случилось.","Руны на камнях складываются в одно слово: «Осколки». Кто-то явно знал, что случится, задолго до того, как это случилось.","Руни на каменях складаються в одне слово: «Уламки». Хтось явно знав, що станеться, задовго до того, як це сталося.","The runes on the stones spell out one word: ""Shards."" Someone clearly knew what was coming, long before it came."
"Кольцо менгиров тихо гудит в такт — будто где-то далеко всё ещё бьётся настоящее Сердце Горы.","Кольцо менгиров тихо гудит в такт — будто где-то далеко всё ещё бьётся настоящее Сердце Горы.","Кільце менгірів тихо гуде в такт — ніби десь далеко досі б'ється справжнє Серце Гори.","The ring of standing stones hums quietly in rhythm — as if somewhere far away, the real Mountain Heart is still beating."
"Один из камней теплее остальных. Никто не проверял, почему. Все предпочитают не проверять.","Один из камней теплее остальных. Никто не проверял, почему. Все предпочитают не проверять.","Один із каменів тепліший за інші. Ніхто не перевіряв, чому. Усі воліють не перевіряти.","One of the stones is warmer than the rest. No one has checked why. Everyone prefers not to."
"У СВЯТИЛИЩА СПОКОЙНЕЕ НА ДУШЕ","У СВЯТИЛИЩА СПОКОЙНЕЕ НА ДУШЕ","БІЛЯ СВЯТИЛИЩА СПОКІЙНІШЕ НА ДУШІ","THE SHRINE EASES THE SOUL"
"Святилище ещё не готово благословлять снова.","Святилище ещё не готово благословлять снова.","Святилище ще не готове благословляти знову.","The shrine isn't ready to bless again yet."
"ВТОРОЕ ДЫХАНИЕ!","ВТОРОЕ ДЫХАНИЕ!","ДРУГЕ ДИХАННЯ!","SECOND WIND!"
"Пытливый ум","Пытливый ум","Допитливий розум","Curious Mind"
"Осмотри руины или менгиры в мире","Осмотри руины или менгиры в мире","Огляньте руїни або менгіри у світі","Examine ruins or standing stones somewhere in the world"
"Благословлённый","Благословлённый","Благословенний","Blessed"
"Получи благословение у святилища","Получи благословение у святилища","Отримай благословення біля святилища","Receive a blessing at a shrine"
"★ ЭЛИТА ур. %d","★ ЭЛИТА ур. %d","★ ЕЛІТА рів. %d","★ ELITE lvl %d"
"[%s] — согреться у костра","[%s] — согреться у костра","[%s] — зігрітися біля багаття","[%s] — warm up by the fire"
"[%s] — испить воды","[%s] — испить воды","[%s] — напитися води","[%s] — drink from the well"
"[%s] — принять заказ","[%s] — принять заказ","[%s] — прийняти замовлення","[%s] — accept the bounty"
"Среди обломков — маленький колокол без языка. Раньше он бил тревогу. Тревожиться больше некому.","Среди обломков — маленький колокол без языка. Раньше он бил тревогу. Тревожиться больше некому.","Серед уламків — маленький дзвін без язика. Раніше він бив тривогу. Тривожитися вже нікому.","Among the rubble — a small bell with no clapper. It used to sound the alarm. There's no one left to alarm."
"Кто-то нацарапал на притолоке дюжину палочек — считал дни до чего-то. На тринадцатой палочка обрывается.","Кто-то нацарапал на притолоке дюжину палочек — считал дни до чего-то. На тринадцатой палочка обрывается.","Хтось надряпав на одвірку дюжину рисочок — рахував дні до чогось. На тринадцятій рахунок обривається.","Someone scratched a dozen tally marks into the doorframe — counting the days to something. The count stops at thirteen."
"Здесь находят наконечники стрел, но ни одной цели поблизости. Похоже, стреляли не в гномов — в небо, когда оно раскололось.","Здесь находят наконечники стрел, но ни одной цели поблизости. Похоже, стреляли не в гномов — в небо, когда оно раскололось.","Тут знаходять наконечники стріл, але жодної цілі поблизу. Схоже, стріляли не в гномів — у небо, коли воно тріснуло.","Arrowheads keep turning up here, but there's no target in sight. Looks like they weren't shooting at gnomes — they were shooting at the sky, when it cracked."
"Если встать точно в центре кольца на закате, тень падает не туда, куда должна. Точнее — падает туда, откуда придёт беда.","Если встать точно в центре кольца на закате, тень падает не туда, куда должна. Точнее — падает туда, откуда придёт беда.","Якщо стати точно в центрі кола на заході сонця, тінь падає не туди, куди має. Точніше — падає туди, звідки прийде біда.","Stand dead center of the ring at sunset and your shadow falls the wrong way. More precisely — it falls toward wherever the trouble is coming from."
"Резьба на самом низком камне — не гномья и не человеческая. Травница Ирма считает, что она старше обоих народов.","Резьба на самом низком камне — не гномья и не человеческая. Травница Ирма считает, что она старше обоих народов.","Різьба на найнижчому камені — не гномська і не людська. Травниця Ірма вважає, що вона старіша за обидва народи.","The carving on the lowest stone isn't gnomish, and it isn't human either. Herbalist Irma thinks it's older than both peoples."
"Птицы не садятся на менгиры. Даже зимой, даже в метель — предпочитают мёрзнуть, но не рядом с камнями.","Птицы не садятся на менгиры. Даже зимой, даже в метель — предпочитают мёрзнуть, но не рядом с камнями.","Птахи не сідають на менгіри. Навіть узимку, навіть у хуртовину — краще змерзнуть, ніж сядуть поруч із камінням.","Birds won't land on the standing stones. Not even in winter, not even in a blizzard — they'd rather freeze than perch nearby."
"Каменные плиты подписаны именами, стёртыми временем сильнее, чем должно быть возможно — будто кто-то нарочно соскрёб память.","Каменные плиты подписаны именами, стёртыми временем сильнее, чем должно быть возможно — будто кто-то нарочно соскрёб память.","Кам'яні плити підписані іменами, стертими часом сильніше, ніж мало би бути можливим — ніби хтось навмисно зішкріб пам'ять.","The stone slabs are inscribed with names worn away more thoroughly than time alone should manage — as if someone scraped the memory off on purpose."
"В нише — маленький кубок без ручки. Пуст уже века, но всё ещё пахнет чем-то похожим на праздник.","В нише — маленький кубок без ручки. Пуст уже века, но всё ещё пахнет чем-то похожим на праздник.","У ніші — маленький кубок без ручки. Порожній уже століттями, але досі пахне чимось схожим на свято.","A small handleless cup sits in the alcove. Empty for centuries now, but it still smells faintly like a celebration."
"Дух короля Дунгрима где-то рядом слонялся именно тут — судя по холоду, что не связан с зимой.","Дух короля Дунгрима где-то рядом слонялся именно тут — судя по холоду, что не связан с зимой.","Дух короля Дунгріма десь тут і вештався — судячи з холоду, що не пов'язаний із зимою.","The ghost of King Dungrim must have wandered through here — the chill has nothing to do with winter."
"Кости сложены слишком аккуратно для того, кто просто умер. Кто-то их укладывал. Возможно, до сих пор укладывает.","Кости сложены слишком аккуратно для того, кто просто умер. Кто-то их укладывал. Возможно, до сих пор укладывает.","Кістки складені надто акуратно для того, хто просто помер. Хтось їх укладав. Можливо, досі укладає.","The bones are stacked too neatly for someone who simply died. Someone arranged them. Possibly someone still does."
"Надпись у входа гласит: «Не буди то, что уже устало». Гномы, очевидно, не умеют читать — или им всё равно.","Надпись у входа гласит: «Не буди то, что уже устало». Гномы, очевидно, не умеют читать — или им всё равно.","Напис біля входу гласить: «Не буди те, що вже втомилося». Гноми, вочевидь, не вміють читати — або їм байдуже.","The inscription by the entrance reads: 'Do not wake what is already tired.' Gnomes, apparently, can't read — or don't care."
"Эхо здесь звучит на полсекунды позже, чем должно. Ирма говорит — это нормально. Ирма много чего говорит.","Эхо здесь звучит на полсекунды позже, чем должно. Ирма говорит — это нормально. Ирма много чего говорит.","Луна тут звучить на півсекунди пізніше, ніж мала б. Ірма каже — це нормально. Ірма багато чого каже.","The echo here lands half a second later than it should. Irma says that's normal. Irma says a lot of things."
"Сломанные молоты Борина лежат вперемешку с гномьими дубинками — не разобрать уже, кто на чьей стороне здесь дрался.","Сломанные молоты Борина лежат вперемешку с гномьими дубинками — не разобрать уже, кто на чьей стороне здесь дрался.","Зламані молоти Боріна лежать упереміш із гномськими кийками — вже не розібрати, хто на чиєму боці тут бився.","Borin's broken hammers lie tangled with gnomish clubs — impossible to tell anymore who was fighting on which side."
"Флаг на древке выцвел до серого. По форме — как будто был гербом кузницы. Или трактира. Ирма клянётся, что помнит какого.","Флаг на древке выцвел до серого. По форме — как будто был гербом кузницы. Или трактира. Ирма клянётся, что помнит какого.","Прапор на держаку вицвів до сірого. За формою — ніби був гербом кузні. Або корчми. Ірма клянеться, що пам'ятає якої.","The banner on the pole has faded to gray. By its shape, it might have been a forge's crest. Or a tavern's. Irma swears she remembers which."
"Здесь трижды перекапывали землю в поисках чего-то ценного. Судя по свежим ямам — не нашли до сих пор.","Здесь трижды перекапывали землю в поисках чего-то ценного. Судя по свежим ямам — не нашли до сих пор.","Тут тричі перекопували землю в пошуках чогось цінного. Судячи зі свіжих ям — досі не знайшли.","The ground here has been dug up three times over, searching for something valuable. Judging by the fresh pits, whatever it is still hasn't turned up."
"Щит с вмятиной точно по центру — кто-то держал строй до последнего. Или просто неудачно споткнулся.","Щит с вмятиной точно по центру — кто-то держал строй до последнего. Или просто неудачно споткнулся.","Щит із вм'ятиною точно по центру — хтось тримав стрій до останнього. Або просто невдало спіткнувся.","A shield dented dead center — someone held the line to the very end. Or just tripped badly."
"Кострище давно остыло, но вокруг всё ещё разложены котелки — будто ужин прервали на середине и забыли вернуться.","Кострище давно остыло, но вокруг всё ещё разложены котелки — будто ужин прервали на середине и забыли вернуться.","Вогнище давно згасло, але навколо досі розкладені казанки — ніби вечерю перервали на середині й забули повернутися.","The firepit went cold long ago, but the cooking pots are still laid out around it — as if dinner was interrupted halfway through and no one ever came back."
"Стрелы торчат из земли ровным полукругом — залп, направленный в одну сторону. В какую именно — уже не разобрать.","Стрелы торчат из земли ровным полукругом — залп, направленный в одну сторону. В какую именно — уже не разобрать.","Стріли стирчать із землі рівним півколом — залп, спрямований в один бік. Куди саме — вже не розібрати.","Arrows stick out of the ground in a neat half-circle — a volley aimed all in one direction. Which direction, exactly, is no longer clear."
"КОСТЁР СОГРЕЛ ПЕРЕД ДОРОГОЙ","КОСТЁР СОГРЕЛ ПЕРЕД ДОРОГОЙ","БАГАТТЯ ЗІГРІЛО ПЕРЕД ДОРОГОЮ","THE FIRE WARMED YOU FOR THE ROAD"
"СТАРЫЙ КОЛОДЕЦ ПРИДАЛ СИЛ","СТАРЫЙ КОЛОДЕЦ ПРИДАЛ СИЛ","СТАРИЙ КОЛОДЯЗЬ ДОДАВ СИЛ","THE OLD WELL GAVE YOU STRENGTH"
"ОБЪЯВЛЕНА НАГРАДА ЗА ЭЛИТНОГО ГНОМА ПОБЛИЗОСТИ","ОБЪЯВЛЕНА НАГРАДА ЗА ЭЛИТНОГО ГНОМА ПОБЛИЗОСТИ","ОГОЛОШЕНО НАГОРОДУ ЗА ЕЛІТНОГО ГНОМА ПОБЛИЗУ","A BOUNTY HAS BEEN POSTED — AN ELITE GNOME LURKS NEARBY"
"ЭЛИТНЫЙ ГНОМ ПОБЛИЗОСТИ!","ЭЛИТНЫЙ ГНОМ ПОБЛИЗОСТИ!","ЕЛІТНИЙ ГНОМ ПОБЛИЗУ!","AN ELITE GNOME IS NEARBY!"
"Костёр ещё прогорает — не время греться снова.","Костёр ещё прогорает — не время греться снова.","Багаття ще прогорає — не час знову грітися.","The fire is still burning down — not time to warm up again yet."
"Колодец ещё не набрал воды.","Колодец ещё не набрал воды.","Колодязь ще не набрав води.","The well hasn't refilled yet."
"Награда за эту доску уже забрана.","Награда за эту доску уже забрана.","Нагороду з цієї дошки вже забрано.","The bounty on this board has already been claimed."
"Охотник на элиту","Охотник на элиту","Мисливець на еліту","Elite Hunter"
"Срази золотого элитного гнома","Срази золотого элитного гнома","Здолай золотого елітного гнома","Defeat a golden elite gnome"
"Свободный охотник","Свободный охотник","Вільний мисливець","Freelance Hunter"
"Прими заказ с доски объявлений","Прими заказ с доски объявлений","Прийми замовлення з дошки оголошень","Accept an order from the bounty board"
"У костра","У костра","Біля багаття","By the Fire"
"Погрейся у походного костра","Погрейся у походного костра","Зігрійся біля похідного багаття","Warm up by a campfire"
"Живая вода","Живая вода","Жива вода","Living Water"
"Испей воды из старого колодца","Испей воды из старого колодца","Напийся води зі старого колодязя","Drink from an old well"
"Добивающий удар","Добивающий удар","Добивний удар","Finishing Blow"
"Доверши приём по оглушённому гному","Доверши приём по оглушённому гному","Заверши прийом по оглушеному гному","Land a finishing hit on a staggered gnome"
"Хранитель памяти","Хранитель памяти","Хранитель пам'яті","Keeper of Memory"
"Собери весь лор одной карты","Собери весь лор одной карты","Збери весь лор однієї карти","Collect all the lore on one map"
"Открыто: %d из %d  ·  лор карты: %d из %d","Открыто: %d из %d  ·  лор карты: %d из %d","Відкрито: %d з %d  ·  лор карти: %d з %d","Unlocked: %d of %d  ·  map lore: %d of %d"
"Прочитай все фрагменты лора в мире","Прочитай все фрагменты лора в мире","Прочитай усі фрагменти лору у світі","Read every lore fragment in the world"
"Открыто: %d из %d  ·  лор мира: %d из %d","Открыто: %d из %d  ·  лор мира: %d из %d","Відкрито: %d з %d  ·  лор світу: %d з %d","Unlocked: %d of %d  ·  world lore: %d of %d"
"Discord Application ID:","Discord Application ID:","Discord Application ID:","Discord Application ID:"
"свой ID или пусто","свой ID или пусто","свій ID або порожньо","your ID or leave empty"
"Для кнопки трансляции добавь игру в Discord: Настройки → Зарегистрированные игры → «Добавьте её!».","Для кнопки трансляции добавь игру в Discord: Настройки → Зарегистрированные игры → «Добавьте её!».","Для кнопки трансляції додай гру в Discord: Налаштування → Зареєстровані ігри → «Додайте її!».","For the stream button, add the game in Discord: Settings → Registered Games → ""Add it!""."
